scaling_factors,opacities
"[[0.0286339  0.03209851 0.02766101]
 [0.03216552 0.02741975 0.03716402]
 [0.03898361 0.03727395 0.03969002]
 ...
 [0.02623165 0.00290358 0.00510596]
 [0.02526045 0.00556276 0.00620721]
 [0.00529061 0.02855736 0.01491948]]","[[0.04570074]
 [0.02827389]
 [0.01244606]
 ...
 [0.9760158 ]
 [0.99988735]
 [0.96982074]]"
"[[0.02416528 0.02078458 0.03104491]
 [0.02931212 0.02832844 0.03084934]
 [0.02130025 0.02253394 0.02179565]
 ...
 [0.02774003 0.00284716 0.01095561]
 [0.01176292 0.02591997 0.00378223]
 [0.01014878 0.02895712 0.00323709]]","[[0.02561294]
 [0.05130864]
 [0.03922054]
 ...
 [0.97008944]
 [0.9999229 ]
 [0.99980325]]"
"[[0.03508047 0.03611181 0.03375745]
 [0.02355237 0.02349621 0.02166171]
 [0.0311729  0.02520686 0.0348905 ]
 ...
 [0.02673857 0.00839971 0.00509872]
 [0.02572386 0.01643258 0.01446939]
 [0.03742355 0.00390154 0.00826739]]","[[0.04811037]
 [0.11216178]
 [0.01180858]
 ...
 [0.99736565]
 [0.25790775]
 [0.999757  ]]"
