scaling_factors,opacities
"[[0.02421059 0.0208482  0.02321721]
 [0.02074927 0.01913566 0.02319923]
 [0.02444507 0.0247951  0.02605001]
 ...
 [0.03140876 0.00546788 0.0138992 ]
 [0.0389519  0.00279787 0.00705303]
 [0.0332745  0.00518454 0.00259182]]","[[0.29876176]
 [0.03795233]
 [0.01447525]
 ...
 [0.96715164]
 [0.99740404]
 [0.9999974 ]]"
"[[0.02926704 0.02697767 0.02698914]
 [0.03105262 0.03450076 0.03540017]
 [0.0370752  0.03644386 0.03780016]
 ...
 [0.02708323 0.00397433 0.01034063]
 [0.02657143 0.0046952  0.00474779]
 [0.02571407 0.01334987 0.02171568]]","[[0.12896521]
 [0.22689761]
 [0.11162031]
 ...
 [0.997168  ]
 [0.9998479 ]
 [0.15042268]]"
"[[0.0319782  0.03686986 0.03890115]
 [0.0287138  0.03689216 0.03280909]
 [0.0200954  0.02004438 0.02095019]
 ...
 [0.0320041  0.00337433 0.00850153]
 [0.00683184 0.01527545 0.02517241]
 [0.03608006 0.00325774 0.00779257]]","[[0.16092165]
 [0.20680755]
 [0.04643986]
 ...
 [0.99383414]
 [0.84428227]
 [0.99450904]]"
"[[0.03893555 0.03204022 0.0294572 ]
 [0.03122563 0.03253155 0.03063322]
 [0.02993505 0.02937628 0.02958355]
 ...
 [0.03444768 0.00329399 0.00673902]
 [0.02822305 0.01135021 0.01181244]
 [0.02694802 0.00361213 0.00411266]]","[[0.05609137]
 [0.03851506]
 [0.01037612]
 ...
 [0.9999087 ]
 [0.98504466]
 [0.99996305]]"
"[[0.02819376 0.02632727 0.02623442]
 [0.02816183 0.02904805 0.02955496]
 [0.02377205 0.0252821  0.02225701]
 ...
 [0.0274226  0.01428158 0.02076183]
 [0.02559691 0.00284911 0.00600657]
 [0.03190469 0.00396813 0.00597984]]","[[0.01260934]
 [0.01874825]
 [0.01089551]
 ...
 [0.9670615 ]
 [0.9558144 ]
 [0.9994271 ]]"
"[[0.02650762 0.02876885 0.03696509]
 [0.02833484 0.0293324  0.02455556]
 [0.0321162  0.02467505 0.03344141]
 ...
 [0.00453358 0.02526787 0.00641355]
 [0.03002268 0.01059189 0.01923467]
 [0.01072621 0.02851341 0.00891749]]","[[0.14524816]
 [0.06082562]
 [0.03160987]
 ...
 [0.9998247 ]
 [0.07886673]
 [0.7274583 ]]"
"[[0.03329386 0.03207129 0.03561036]
 [0.0306903  0.03306954 0.03327779]
 [0.0386134  0.02609089 0.03165178]
 ...
 [0.01351828 0.01576643 0.02527115]
 [0.01614015 0.00923865 0.02633554]
 [0.02567622 0.00715896 0.0192081 ]]","[[0.04681117]
 [0.1023064 ]
 [0.17144002]
 ...
 [0.8369497 ]
 [0.14981566]
 [0.04806376]]"
