ID,CLIP Score
test,72.44705200195312
test,74.23050689697266
test,77.26789855957031
test,75.58528900146484
test,74.57374572753906
test,74.1899642944336
test,73.52410888671875
test,74.82110595703125
